category,product
Footwear,Pegasus
Footwear,Vaporfly
Footwear,Alphafly
Footwear,Zoom Fly
Footwear,Vomero
Footwear,Invincible
Footwear,React Infinity Run
Footwear,ZoomX Streakfly
Footwear,Tempo Next
Footwear,Structure
Footwear,Revolution
Footwear,Quest
Footwear,Winflo
Footwear,Epic React
Footwear,Air Zoom Tempo
Footwear,LeBron
Footwear,Kobe
Footwear,KD
Footwear,Kyrie
Footwear,Air Zoom G.T. Cut
Footwear,Ja
Footwear,Giannis
Footwear,Freak
Footwear,PG (Paul George)
Footwear,Book (Devin Booker)
Footwear,Sabrina
Footwear,Air More Uptempo
Footwear,Cosmic Unity
Footwear,Precision
Footwear,Air Max 1
Footwear,Air Max 90
Footwear,Air Max 95
Footwear,Air Max 97
Footwear,Air Max Plus
Footwear,Air Max 270
Footwear,Air Max 2090
Footwear,VaporMax
Footwear,Air Force 1
Footwear,Air Jordan
Footwear,Blazer
Footwear,Cortez
Footwear,Tanjun
Footwear,Presto
Footwear,Huarache
Footwear,Air Rift
Footwear,M2K Tekno
Footwear,React Element
Footwear,Daybreak
Footwear,Waffle One
Footwear,Challenger OG
Footwear,Killshot
Footwear,Metcon
Footwear,SuperRep
Footwear,Flex
Footwear,Air Zoom SuperRep
Footwear,React Metcon
Footwear,Romaleos
Footwear,Mercurial
Footwear,Phantom
Footwear,Tiempo
Footwear,Premier
Footwear,Hypervenom
Footwear,Magista
Footwear,SB Dunk
Footwear,Janoski
Footwear,Nyjah
Footwear,Ishod
Footwear,Blazer Low SB
Footwear,Shane
Footwear,Air Jordan 1
Footwear,Air Jordan 3
Footwear,Air Jordan 4
Footwear,Air Jordan 5
Footwear,Air Jordan 6
Footwear,Air Jordan 11
Footwear,Air Jordan 12
Footwear,Jordan Delta
Footwear,Jordan Why Not
Footwear,Jordan Zion
Footwear,Air Zoom Victory (Golf)
Footwear,React Infinity Pro (Golf)
Footwear,Court (Tennis)
Footwear,Air Zoom Vapor (Tennis)
Footwear,Zoom Rival (Track)
Footwear,Zoom Victory (Track)
Apparel,Dri-FIT
Apparel,Tech Fleece
Apparel,Windrunner
Apparel,hoodies
Apparel,sweatshirts
Apparel,jackets
Apparel,T-shirts
Apparel,Tank tops
Apparel,Jerseys
Apparel,Polo shirts
Apparel,Long sleeve shirts
Apparel,pants
Apparel,shorts
Apparel,Leggings
Apparel,Tights
Apparel,Joggers
Apparel,Tracksuits
Apparel,Sweatpants
Apparel,Sports bras
Apparel,Yoga pants
Apparel,Athletic dresses
Apparel,Skirts
Apparel,Windbreaker
Apparel,Puffer jackets
Apparel,Rain jackets
Apparel,Vests
Apparel,swimwear
Apparel,Nike Pro
Apparel,Livestrong
Apparel,ACG (All Conditions Gear)
Apparel,NikeLab
Apparel,ISPA
Accessories & Equipment,bags
Accessories & Equipment,Backpacks
Accessories & Equipment,Duffel bags
Accessories & Equipment,Gym sacks
Accessories & Equipment,balls
Accessories & Equipment,Soccer balls
Accessories & Equipment,Basketballs
Accessories & Equipment,Footballs
Accessories & Equipment,Socks
Accessories & Equipment,Athletic socks
Accessories & Equipment,Elite socks
Accessories & Equipment,Headbands
Accessories & Equipment,Wristbands
Accessories & Equipment,Hats
Accessories & Equipment,Caps
Accessories & Equipment,Beanies
Accessories & Equipment,Gloves
Accessories & Equipment,Training gloves
Accessories & Equipment,Golf gloves
Accessories & Equipment,Sunglasses
Accessories & Equipment,bottles
Accessories & Equipment,yoga mats
Accessories & Equipment,weights
Accessories & Equipment,Resistance bands
Accessories & Equipment,Jump ropes
Accessories & Equipment,knee pads
Accessories & Equipment,shin guards
Accessories & Equipment,Ankle braces
Accessories & Equipment,Compression sleeves
Footwear,Flyknit
Footwear,Flywire
Footwear,ZoomX
Footwear,React
Footwear,Air Max
Footwear,Zoom Air
Footwear,Lunarlon
Footwear,Cushlon
Footwear,VaporMax
Footwear,Shox
Footwear,FlyEase
Footwear,Adapt (Auto-lacing)
Apparel,NBA Connected Jerseys
Apparel,Dri-FIT ADV